{
  "version": "4.1.0-multisource",
  "features": [
    "perplexity",
    "burstiness",
    "entropy_cv",
    "diveye_skew",
    "diveye_excess_kurt",
    "diveye_spectral_flatness",
    "diveye_autocorr_lag1",
    "gltr_top10_frac",
    "gltr_top100_frac",
    "sent_len_cv",
    "sent_len_short_frac",
    "sent_len_long_frac",
    "sent_len_equal_mid_frac",
    "punct_comma_density",
    "punct_density",
    "trans_density",
    "curv_mean",
    "bino_lp_diff",
    "uni_tri_ratio",
    "wiki_vs_human",
    "wiki_vs_primary",
    "news_vs_human"
  ],
  "mean": [
    635.5942071666518,
    0.1892980382196077,
    0.01190037713524356,
    1.5591839026105334,
    1.1573765692787372,
    0.5565887200902514,
    -0.09635855547726009,
    0.19676270534693385,
    0.03415272430803032,
    0.39660629748509735,
    0.04249632568815751,
    0.485696858056995,
    0.21977870031704747,
    4.157988924000262,
    8.971799556005918,
    7.301484284934575,
    0.748061304572889,
    -2.7211158738020096,
    2.3615897825093284,
    -2.0850628389180685,
    -0.6360530348839406,
    -1.0185633971336159
  ],
  "scale": [
    164.3990380517677,
    0.0858621447759482,
    0.03237287864768927,
    0.559491944506644,
    2.467509663069905,
    0.05251377141421121,
    0.10624096056877341,
    0.06444396412297156,
    0.018547727738810225,
    0.22617835038491962,
    0.09502423488571334,
    0.2753866052003566,
    0.1888574528003825,
    1.6544664767196853,
    2.575743217212458,
    8.517448716484925,
    0.49840312180737983,
    1.1842273221393234,
    0.9539979014706733,
    1.2786490149388137,
    0.790156064936003,
    1.2629976934811573
  ],
  "coef": [
    -0.4268191164072253,
    -0.17543904437688346,
    0.11125251109686793,
    -0.1849029675561529,
    -0.4415511389541895,
    0.03107217919573011,
    0.16843161622581912,
    -0.47223037729461964,
    -0.2989004611073789,
    -1.337262221438944,
    -0.044813115195770754,
    0.4749463374334023,
    0.705868379190681,
    -0.5792152278188664,
    0.24756359127103028,
    0.588100382765366,
    0.053240920608434446,
    -0.04436729955067067,
    0.8080175680498172,
    0.6921073107876969,
    -1.1864786478402531,
    1.4428578700245587
  ],
  "intercept": -0.4497186767175469,
  "trained_on": "HC3 (n=480) + CUDRT Rewrite (n=120)",
  "n_train": 960,
  "n_holdout": 240,
  "holdout_accuracy": 0.8416666666666667,
  "backend": "sklearn"
}