{
  "version": "4.2.0-longform",
  "features": [
    "perplexity",
    "burstiness",
    "entropy_cv",
    "diveye_skew",
    "diveye_excess_kurt",
    "diveye_spectral_flatness",
    "diveye_autocorr_lag1",
    "gltr_top10_frac",
    "gltr_top100_frac",
    "sent_len_cv",
    "sent_len_short_frac",
    "sent_len_long_frac",
    "sent_len_equal_mid_frac",
    "punct_comma_density",
    "punct_density",
    "trans_density",
    "curv_mean",
    "bino_lp_diff",
    "uni_tri_ratio",
    "wiki_vs_human",
    "wiki_vs_primary",
    "news_vs_human"
  ],
  "mean": [
    689.8170881443557,
    0.23963514894744714,
    0.07290714073345601,
    1.7060702467459925,
    1.6708248600595066,
    0.5676235759546843,
    -0.03577924797852504,
    0.1766583085957289,
    0.03575407962528742,
    0.5517233601983254,
    0.09334582013776425,
    0.44134095458033523,
    0.25676072247919457,
    5.039736831627434,
    10.461002886211359,
    4.555222026321183,
    0.5467646048402814,
    -1.0105641361642845,
    2.465042286196663,
    -1.293889528703441,
    0.2833253925391676,
    0.25816199640859466
  ],
  "scale": [
    175.966314100416,
    0.05472587242408092,
    0.06121704873394087,
    0.5246997847849434,
    1.8903759707591872,
    0.03972544164954268,
    0.07244483651991944,
    0.06875252304113202,
    0.01097745603842705,
    0.15816081254087141,
    0.0905650240635489,
    0.19686407561589647,
    0.11479064737777624,
    1.3608479150096136,
    2.096534603472524,
    3.4183604309539652,
    0.5545030572428371,
    0.5311427455596652,
    0.5792210314281837,
    0.454729554222907,
    0.65318138784676,
    0.3654282074728689
  ],
  "coef": [
    -0.9720926502510336,
    -0.0014202421220446293,
    0.9353650687560773,
    -0.44807911370099396,
    0.1781629928548707,
    -0.18359309372024937,
    0.4652875668110955,
    1.271793180621378,
    -0.6998250908417636,
    -2.1934247078768605,
    0.29927978528483296,
    -0.37352805014532675,
    0.2212247487892665,
    -0.36286212943716356,
    0.8165781154413173,
    0.6988622678195375,
    0.11733123713143234,
    -0.23740271971294977,
    0.9352765389993795,
    0.32632373194112496,
    -0.4202259626754224,
    0.22342675600991993
  ],
  "intercept": 0.012366400362989026,
  "trained_on": "AI long-form + Human novel/news (long-form only)",
  "n_train": 222,
  "holdout_accuracy": 0.9642857142857143,
  "backend": "sklearn"
}