{
  "version": "3.4.0-dev",
  "features": [
    "perplexity",
    "burstiness",
    "entropy_cv",
    "diveye_skew",
    "diveye_excess_kurt",
    "diveye_spectral_flatness",
    "diveye_autocorr_lag1",
    "gltr_top10_frac",
    "gltr_top100_frac",
    "sent_len_cv",
    "sent_len_short_frac",
    "sent_len_long_frac",
    "sent_len_equal_mid_frac",
    "punct_comma_density",
    "punct_density",
    "trans_density",
    "curv_mean",
    "bino_lp_diff"
  ],
  "mean": [
    619.8199400182474,
    0.17679367514697827,
    0.016640990703531703,
    1.5003094826712666,
    0.9322641612552056,
    0.5555781433804945,
    -0.10112702465558081,
    0.2022988287927485,
    0.03518362688505699,
    0.36936904559821,
    0.046213271126435786,
    0.46482350269032885,
    0.21359959895662034,
    4.087912640468489,
    8.558831804906303,
    7.974469243275388,
    0.7633357820180355,
    -3.1608759817672327
  ],
  "scale": [
    155.50262941131604,
    0.08352236584146706,
    0.037490841917842826,
    0.5346344585380487,
    2.6907786184538565,
    0.05433654169832746,
    0.10761503666829336,
    0.06215946459273815,
    0.019856536379816585,
    0.22433286261237853,
    0.10477340123541651,
    0.280108877297912,
    0.19438706514430934,
    1.7532654084910024,
    2.37727320909912,
    9.426850834461431,
    0.4891107634624255,
    0.9035476039513591
  ],
  "coef": [
    -0.24754104177086766,
    0.02747300981101365,
    0.09519721960679929,
    -0.20476155028065898,
    -0.22169085900646518,
    -0.04899978759168522,
    -0.05672191089503117,
    -0.4693893618595861,
    -0.19834222460891032,
    -1.1725832125359892,
    -0.2934759298543877,
    0.8259797059136537,
    0.6831358554372865,
    -1.2456814318167075,
    0.2106918965582387,
    0.7888597748049819,
    0.15526848935892612,
    1.412120516795515
  ],
  "intercept": -0.2760352274264649,
  "trained_on": "hc3_chinese_all.jsonl",
  "n_train": 800,
  "n_holdout": 200,
  "holdout_accuracy": 0.84,
  "backend": "numpy-gd"
}