{
  "version": "5.0.0-longform",
  "features": [
    "perplexity",
    "burstiness",
    "entropy_cv",
    "diveye_skew",
    "diveye_excess_kurt",
    "diveye_spectral_flatness",
    "diveye_autocorr_lag1",
    "gltr_top10_frac",
    "gltr_top100_frac",
    "sent_len_cv",
    "sent_len_short_frac",
    "sent_len_long_frac",
    "sent_len_equal_mid_frac",
    "punct_comma_density",
    "punct_density",
    "trans_density",
    "curv_mean",
    "bino_lp_diff",
    "uni_tri_ratio",
    "wiki_vs_human",
    "wiki_vs_primary",
    "news_vs_human",
    "para_sent_len_cv_avg"
  ],
  "mean": [
    700.3795788614152,
    0.23164231394087978,
    0.11395211248861259,
    1.7186765520314806,
    1.7238376292114355,
    0.5660520470344825,
    -0.025391414342561803,
    0.17149218272825684,
    0.039540596087793485,
    0.5474343305080968,
    0.11308281325689988,
    0.38936813606615883,
    0.2729213984473138,
    5.1223547522092145,
    10.636028913486962,
    3.906333266114554,
    0.48753889339590295,
    -0.9714258206232056,
    2.4386507910465705,
    -1.3862601958046383,
    0.4148343751814293,
    0.2203235866900036,
    0.34536831570678217
  ],
  "scale": [
    171.36566975966994,
    0.056479977367103675,
    0.04708928006821904,
    0.5032166261732285,
    1.8414282925700909,
    0.0388579880769389,
    0.07141587621977502,
    0.06654570379535583,
    0.011669084833135659,
    0.15834862971063315,
    0.09470505857782438,
    0.2110451668736618,
    0.1231236608856365,
    1.5078827496948828,
    2.157417735302464,
    3.454719546059464,
    0.5317486214099505,
    0.5778340568857524,
    0.6066797990808538,
    0.4326528548230271,
    0.685142880463718,
    0.33911580525196355,
    0.14011821175391864
  ],
  "coef": [
    -0.7554048122898582,
    0.7171797573396551,
    -1.801006677709345,
    -0.20137161039231058,
    0.0016381637617174855,
    -0.05470180059239975,
    -0.049994886300966546,
    0.6150782318952335,
    -0.8848822954333664,
    -1.2740783011152328,
    -0.29038992029899974,
    -0.43741290325188964,
    0.3185970106762656,
    -0.6734937817546283,
    1.5562056119344116,
    0.2318115518451689,
    0.48781909447526894,
    -0.6968725308747543,
    1.052457044648441,
    0.6726118210828703,
    -1.0124663424323384,
    0.5711439548475051,
    -0.33938811991882095
  ],
  "intercept": 0.05086765074398892,
  "trained_on": "AI long-form (n=170) + Human novel/news (n=170)",
  "n_train": 272,
  "n_holdout": 68,
  "holdout_accuracy": 0.9411764705882353,
  "backend": "sklearn"
}