{
  "version": "5.0.0-longform",
  "features": [
    "perplexity",
    "burstiness",
    "entropy_cv",
    "diveye_skew",
    "diveye_excess_kurt",
    "diveye_spectral_flatness",
    "diveye_autocorr_lag1",
    "gltr_top10_frac",
    "gltr_top100_frac",
    "sent_len_cv",
    "sent_len_short_frac",
    "sent_len_long_frac",
    "sent_len_equal_mid_frac",
    "punct_comma_density",
    "punct_density",
    "trans_density",
    "curv_mean",
    "bino_lp_diff",
    "uni_tri_ratio",
    "wiki_vs_human",
    "wiki_vs_primary",
    "news_vs_human",
    "para_sent_len_cv_avg",
    "paragraph_length_cv",
    "cross_para_3gram_repeat"
  ],
  "mean": [
    686.778403993417,
    0.2365617409708158,
    0.10690599799346032,
    1.6894505587895685,
    1.6069723565709164,
    0.5665320569832897,
    -0.03299408053900917,
    0.17611148787069256,
    0.03850267306169163,
    0.5447090099309174,
    0.10074583357362016,
    0.4291424271371179,
    0.2543075646903609,
    4.945342408566734,
    10.223998043889269,
    4.421698408665972,
    0.5494784859763832,
    -1.0923880885141588,
    2.43351139942582,
    -1.3647609113757992,
    0.2723728228616379,
    0.7533506845130197,
    0.341114472197944,
    0.445763290572981,
    0.04868737783546287
  ],
  "scale": [
    170.6301729761576,
    0.05650164643995973,
    0.048209836673004165,
    0.5147623784458596,
    1.8943481428090634,
    0.03727737034025562,
    0.07261541974016895,
    0.06609972062631209,
    0.012897412689954538,
    0.15537328202654155,
    0.08990298252691611,
    0.2042562369000318,
    0.11725243044012336,
    1.469105913974395,
    2.061378608271614,
    3.5142319884287456,
    0.520306379657514,
    0.5953035322781193,
    0.5829523181763073,
    0.4658309446001933,
    0.654684917453411,
    1.2090509294258347,
    0.14200991020145237,
    0.21872907883473852,
    0.04336121257019273
  ],
  "coef": [
    -0.5394640380216658,
    0.7392930971844388,
    -0.4705038892918953,
    -0.13536859577310636,
    -0.024731886407969576,
    0.06166113124081028,
    0.3090774546226491,
    0.5158633484924474,
    -1.1744724040761028,
    -1.5420475974703427,
    -0.40728569986990926,
    -1.1019505871480186,
    -0.02586499070466001,
    -0.517258699637676,
    1.3738776369984853,
    0.16289675944865611,
    0.6874830125949906,
    -0.2713788074002375,
    0.8261134838363408,
    0.27246674084716505,
    -0.44063364559215923,
    -2.4450013498865073,
    -0.05064147516917106,
    -1.5021845170960795,
    1.409050849662572
  ],
  "intercept": -0.15431794241297758,
  "trained_on": "AI long-form (n=170) + Human novel/news (n=170)",
  "n_train": 272,
  "n_holdout": 68,
  "holdout_accuracy": 0.9264705882352942,
  "backend": "sklearn"
}