{
  "version": "5.0.0-longform",
  "features": [
    "perplexity",
    "burstiness",
    "entropy_cv",
    "diveye_skew",
    "diveye_excess_kurt",
    "diveye_spectral_flatness",
    "diveye_autocorr_lag1",
    "gltr_top10_frac",
    "gltr_top100_frac",
    "sent_len_cv",
    "sent_len_short_frac",
    "sent_len_long_frac",
    "sent_len_equal_mid_frac",
    "punct_comma_density",
    "punct_density",
    "trans_density",
    "curv_mean",
    "bino_lp_diff",
    "uni_tri_ratio",
    "wiki_vs_human",
    "wiki_vs_primary",
    "news_vs_human",
    "para_sent_len_cv_avg",
    "paragraph_length_cv",
    "cross_para_3gram_repeat"
  ],
  "mean": [
    700.3795788614152,
    0.23164231394087978,
    0.11395211248861259,
    1.7186765520314806,
    1.7238376292114355,
    0.5660520470344825,
    -0.025391414342561803,
    0.17149218272825684,
    0.039540596087793485,
    0.5474343305080968,
    0.11308281325689988,
    0.38936813606615883,
    0.2729213984473138,
    5.1223547522092145,
    10.636028913486962,
    3.906333266114554,
    0.48753889339590295,
    -0.9714258206232056,
    2.4386507910465705,
    -1.3862601958046383,
    0.4148343751814293,
    0.2203235866900036,
    0.34536831570678217,
    0.486477200125057,
    0.041157383050506494
  ],
  "scale": [
    171.36566975966994,
    0.056479977367103675,
    0.04708928006821904,
    0.5032166261732285,
    1.8414282925700909,
    0.0388579880769389,
    0.07141587621977502,
    0.06654570379535583,
    0.011669084833135659,
    0.15834862971063315,
    0.09470505857782438,
    0.2110451668736618,
    0.1231236608856365,
    1.5078827496948828,
    2.157417735302464,
    3.454719546059464,
    0.5317486214099505,
    0.5778340568857524,
    0.6066797990808538,
    0.4326528548230271,
    0.685142880463718,
    0.33911580525196355,
    0.14011821175391864,
    0.23061145309199607,
    0.0407981389173104
  ],
  "coef": [
    -0.4708274085955175,
    0.8901907486957699,
    -0.8968653211050168,
    -0.037675396840083315,
    0.1037004465935962,
    0.07920097460555478,
    -0.13065513104372947,
    0.4356609575991274,
    -1.0267542884400935,
    -0.9416864296000181,
    -0.5047985669706329,
    -0.4367885230332046,
    0.09153492172609065,
    -0.3973591644826933,
    1.5126362602575658,
    0.31548486993625463,
    0.8199407946941,
    -0.49782050286658724,
    0.6753220309490378,
    0.4943874341383292,
    -0.7320455190330167,
    0.6481907568026656,
    -0.07840343461399775,
    -1.5097807131781846,
    2.2454188838166553
  ],
  "intercept": 0.1282933375758717,
  "trained_on": "AI long-form (n=170) + Human novel/news (n=170)",
  "n_train": 272,
  "n_holdout": 68,
  "holdout_accuracy": 0.9558823529411765,
  "backend": "sklearn"
}