{
  "version": "3.4.0-dev",
  "features": [
    "perplexity",
    "burstiness",
    "entropy_cv",
    "diveye_skew",
    "diveye_excess_kurt",
    "diveye_spectral_flatness",
    "diveye_autocorr_lag1",
    "gltr_top10_frac",
    "gltr_top100_frac",
    "sent_len_cv",
    "sent_len_short_frac",
    "sent_len_long_frac",
    "sent_len_equal_mid_frac",
    "punct_comma_density",
    "punct_density",
    "trans_density",
    "curv_mean",
    "bino_lp_diff",
    "uni_tri_ratio",
    "wiki_vs_human",
    "wiki_vs_primary",
    "news_vs_human",
    "news_vs_wiki"
  ],
  "mean": [
    620.0627158216283,
    0.17525126862980064,
    0.015179354421265553,
    1.496441308748779,
    0.9010096334381087,
    0.5521871347678546,
    -0.0993457032515315,
    0.2019772834524274,
    0.036047702837440465,
    0.3698805887155524,
    0.04125253002100918,
    0.47669503228681753,
    0.20822071435319195,
    4.0271963457917,
    8.39159309196964,
    7.72376609547908,
    0.7473869403519137,
    -3.1029387096215078,
    2.3105713542721085,
    -2.3684125010943218,
    -0.7345262085271856,
    -1.322177531578153,
    1.0462349695161686
  ],
  "scale": [
    154.956587908772,
    0.08327765927774998,
    0.03601912460265238,
    0.5152891818315695,
    2.246701004535393,
    0.0536700481404073,
    0.10600660458642566,
    0.06075494174087748,
    0.020329905761618652,
    0.23434080297867016,
    0.09330025791077255,
    0.2860445622063328,
    0.18956249123085706,
    1.7313205065761115,
    2.170382655455376,
    9.10813341136918,
    0.46321821245290035,
    0.9234433736456201,
    0.9870686545928157,
    1.231994535548186,
    0.8053093925478778,
    1.2449795305436022,
    1.046028108584087
  ],
  "coef": [
    0.08035365573063702,
    0.06273350416870874,
    -0.005259237846872775,
    -0.3909456415142461,
    -0.6815231541939215,
    -0.1325823601315719,
    0.22110934375994867,
    -0.35789634498668604,
    -0.5043537881895801,
    -1.6327234695883834,
    -0.03282921491832273,
    0.9350728183452514,
    1.0027628068562946,
    -1.2547899804743272,
    0.5299950668464087,
    0.5630846989051592,
    -0.07792328914787586,
    -0.025611539754884848,
    1.0601612256640276,
    1.1918750955947182,
    -1.852746814219516,
    1.7727446574932542,
    0.7061447016283408
  ],
  "intercept": -0.5764329103956315,
  "trained_on": "hc3_chinese_all.jsonl",
  "n_train": 480,
  "n_holdout": 120,
  "holdout_accuracy": 0.8666666666666667,
  "backend": "sklearn"
}