{
  "version": "4.1.0-multisource",
  "features": [
    "perplexity",
    "burstiness",
    "entropy_cv",
    "diveye_skew",
    "diveye_excess_kurt",
    "diveye_spectral_flatness",
    "diveye_autocorr_lag1",
    "gltr_top10_frac",
    "gltr_top100_frac",
    "sent_len_cv",
    "sent_len_short_frac",
    "sent_len_long_frac",
    "sent_len_equal_mid_frac",
    "punct_comma_density",
    "punct_density",
    "trans_density",
    "curv_mean",
    "bino_lp_diff",
    "uni_tri_ratio",
    "wiki_vs_human",
    "wiki_vs_primary",
    "news_vs_human"
  ],
  "mean": [
    638.284912903671,
    0.19677351226951995,
    0.022612460530014592,
    1.5638678387576601,
    1.176129608050811,
    0.5578156310127237,
    -0.08953068961385213,
    0.19547475689784946,
    0.03539777306234002,
    0.41808618418702925,
    0.05310794578382512,
    0.47266987049459736,
    0.2205819544204909,
    4.249855305783041,
    9.139077987745946,
    7.010907878133038,
    0.7284516491483097,
    -2.5137017153545034,
    2.3956457998355525,
    -2.003732692995012,
    -0.5099690223594917,
    -0.8820807065197198
  ],
  "scale": [
    166.31645658578327,
    0.08501680776001724,
    0.04672961878913061,
    0.5537414147879344,
    2.3739683517385384,
    0.05020315578683199,
    0.10398408012586705,
    0.0661578467185061,
    0.018242909120700194,
    0.2251954561751873,
    0.10140681166036591,
    0.2662357303324711,
    0.18204897555969374,
    1.653372580157489,
    2.603271951230579,
    8.179938361689473,
    0.5064834740251353,
    1.279132912626203,
    0.9667699549214553,
    1.2567697516368255,
    0.8429815882377552,
    1.2612883037569003
  ],
  "coef": [
    -0.648258721708301,
    -0.14958779232230515,
    0.2852973352429991,
    -0.33274022295156036,
    -0.20607379856396338,
    -0.06855063076119264,
    0.2539581879232286,
    -0.6129732326354751,
    -0.4617751501998997,
    -1.5134402933745477,
    0.2783552952834837,
    0.5260466852489575,
    0.8216468595044849,
    -0.5291938358134557,
    0.17099107051599358,
    0.5861064402733499,
    0.1603716910401447,
    0.011190596823120397,
    0.6113802949327459,
    0.8297361706849661,
    -1.2200421394700367,
    1.4561969703284472
  ],
  "intercept": -0.38310994260696424,
  "trained_on": "HC3 (n=480) + CUDRT Rewrite (n=120)",
  "n_train": 1088,
  "n_holdout": 272,
  "holdout_accuracy": 0.8382352941176471,
  "backend": "sklearn"
}